<?xml version="1.0" encoding="UTF-8"?>
<!DOCTYPE catalog PUBLIC "-//OASIS//DTD Entity Resolution XML Catalog V1.0//EN" "http://www.oasis-open.org/committees/entity/release/1.0/catalog.dtd">
<catalog xmlns="urn:oasis:names:tc:entity:xmlns:xml:catalog">
  <rewriteURI uriStartString="http://www.xbrl.org/2003/xbrl-instance-2003-12-31.xsd" rewritePrefix="../www.xbrl.org/2003/xbrl-instance-2003-12-31.xsd" />
  <rewriteURI uriStartString="http://www.xbrl.org/2003/xbrl-linkbase-2003-12-31.xsd" rewritePrefix="../www.xbrl.org/2003/xbrl-linkbase-2003-12-31.xsd" />
  <rewriteURI uriStartString="http://www.xbrl.org/2003/xl-2003-12-31.xsd" rewritePrefix="../www.xbrl.org/2003/xl-2003-12-31.xsd" />
  <rewriteURI uriStartString="http://www.xbrl.org/2003/xlink-2003-12-31.xsd" rewritePrefix="../www.xbrl.org/2003/xlink-2003-12-31.xsd" />
  <rewriteURI uriStartString="http://www.xbrl.org/2004/ref-2004-08-10.xsd" rewritePrefix="../www.xbrl.org/2004/ref-2004-08-10.xsd" />
  <rewriteURI uriStartString="http://www.xbrl.org/2005/xbrldt-2005.xsd" rewritePrefix="../www.xbrl.org/2005/xbrldt-2005.xsd" />
  <rewriteURI uriStartString="http://www.xbrl.org/2006/ref-2006-02-27.xsd" rewritePrefix="../www.xbrl.org/2006/ref-2006-02-27.xsd" />
  <rewriteURI uriStartString="http://www.xbrl.org/2006/xbrldi-2006.xsd" rewritePrefix="../www.xbrl.org/2006/xbrldi-2006.xsd" />
  <rewriteURI uriStartString="http://www.xbrl.org/2008/boolean-filter.xsd" rewritePrefix="../www.xbrl.org/2008/boolean-filter.xsd" />
  <rewriteURI uriStartString="http://www.xbrl.org/2008/concept-filter.xsd" rewritePrefix="../www.xbrl.org/2008/concept-filter.xsd" />
  <rewriteURI uriStartString="http://www.xbrl.org/2008/conformance.xsd" rewritePrefix="../www.xbrl.org/2008/conformance.xsd" />
  <rewriteURI uriStartString="http://www.xbrl.org/2008/conformanceFunction.xsd" rewritePrefix="../www.xbrl.org/2008/conformanceFunction.xsd" />
  <rewriteURI uriStartString="http://www.xbrl.org/2008/consistency-assertion.xsd" rewritePrefix="../www.xbrl.org/2008/consistency-assertion.xsd" />
  <rewriteURI uriStartString="http://www.xbrl.org/2008/dimension-filter.xsd" rewritePrefix="../www.xbrl.org/2008/dimension-filter.xsd" />
  <rewriteURI uriStartString="http://www.xbrl.org/2008/entity-filter.xsd" rewritePrefix="../www.xbrl.org/2008/entity-filter.xsd" />
  <rewriteURI uriStartString="http://www.xbrl.org/2008/existence-assertion.xsd" rewritePrefix="../www.xbrl.org/2008/existence-assertion.xsd" />
  <rewriteURI uriStartString="http://www.xbrl.org/2008/formula.xsd" rewritePrefix="../www.xbrl.org/2008/formula.xsd" />
  <rewriteURI uriStartString="http://www.xbrl.org/2008/function.xsd" rewritePrefix="../www.xbrl.org/2008/function.xsd" />
  <rewriteURI uriStartString="http://www.xbrl.org/2008/general-filter.xsd" rewritePrefix="../www.xbrl.org/2008/general-filter.xsd" />
  <rewriteURI uriStartString="http://www.xbrl.org/2008/generic-label.xsd" rewritePrefix="../www.xbrl.org/2008/generic-label.xsd" />
  <rewriteURI uriStartString="http://www.xbrl.org/2008/generic-link.xsd" rewritePrefix="../www.xbrl.org/2008/generic-link.xsd" />
  <rewriteURI uriStartString="http://www.xbrl.org/2008/generic-reference.xsd" rewritePrefix="../www.xbrl.org/2008/generic-reference.xsd" />
  <rewriteURI uriStartString="http://www.xbrl.org/2008/inlineXBRL/xbrl/xbrl-instance-2003-12-31-ixmod.xsd" rewritePrefix="../www.xbrl.org/2008/inlineXBRL/xbrl/xbrl-instance-2003-12-31-ixmod.xsd" />
  <rewriteURI uriStartString="http://www.xbrl.org/2008/inlineXBRL/xbrl/xbrl-linkbase-2003-12-31-ixmod.xsd" rewritePrefix="../www.xbrl.org/2008/inlineXBRL/xbrl/xbrl-linkbase-2003-12-31-ixmod.xsd" />
  <rewriteURI uriStartString="http://www.xbrl.org/2008/inlineXBRL/xbrl/xl-2003-12-31.xsd" rewritePrefix="../www.xbrl.org/2008/inlineXBRL/xbrl/xl-2003-12-31.xsd" />
  <rewriteURI uriStartString="http://www.xbrl.org/2008/inlineXBRL/xbrl/xlink-2003-12-31.xsd" rewritePrefix="../www.xbrl.org/2008/inlineXBRL/xbrl/xlink-2003-12-31.xsd" />
  <rewriteURI uriStartString="http://www.xbrl.org/2008/inlineXBRL/xhtml-inlinexbrl-1_0-definitions.xsd" rewritePrefix="../www.xbrl.org/2008/inlineXBRL/xhtml-inlinexbrl-1_0-definitions.xsd" />
  <rewriteURI uriStartString="http://www.xbrl.org/2008/inlineXBRL/xhtml-inlinexbrl-1_0-model.xsd" rewritePrefix="../www.xbrl.org/2008/inlineXBRL/xhtml-inlinexbrl-1_0-model.xsd" />
  <rewriteURI uriStartString="http://www.xbrl.org/2008/inlineXBRL/xhtml-inlinexbrl-1_0-modules.xsd" rewritePrefix="../www.xbrl.org/2008/inlineXBRL/xhtml-inlinexbrl-1_0-modules.xsd" />
  <rewriteURI uriStartString="http://www.xbrl.org/2008/inlineXBRL/xhtml-inlinexbrl-1_0.xsd" rewritePrefix="../www.xbrl.org/2008/inlineXBRL/xhtml-inlinexbrl-1_0.xsd" />
  <rewriteURI uriStartString="http://www.xbrl.org/2008/inlineXBRL/xhtml/xframes-1.xsd" rewritePrefix="../www.xbrl.org/2008/inlineXBRL/xhtml/xframes-1.xsd" />
  <rewriteURI uriStartString="http://www.xbrl.org/2008/inlineXBRL/xhtml/xhtml-applet-1.xsd" rewritePrefix="../www.xbrl.org/2008/inlineXBRL/xhtml/xhtml-applet-1.xsd" />
  <rewriteURI uriStartString="http://www.xbrl.org/2008/inlineXBRL/xhtml/xhtml-attribs-1.xsd" rewritePrefix="../www.xbrl.org/2008/inlineXBRL/xhtml/xhtml-attribs-1.xsd" />
  <rewriteURI uriStartString="http://www.xbrl.org/2008/inlineXBRL/xhtml/xhtml-base-1.xsd" rewritePrefix="../www.xbrl.org/2008/inlineXBRL/xhtml/xhtml-base-1.xsd" />
  <rewriteURI uriStartString="http://www.xbrl.org/2008/inlineXBRL/xhtml/xhtml-basic-form-1.xsd" rewritePrefix="../www.xbrl.org/2008/inlineXBRL/xhtml/xhtml-basic-form-1.xsd" />
  <rewriteURI uriStartString="http://www.xbrl.org/2008/inlineXBRL/xhtml/xhtml-basic-table-1.xsd" rewritePrefix="../www.xbrl.org/2008/inlineXBRL/xhtml/xhtml-basic-table-1.xsd" />
  <rewriteURI uriStartString="http://www.xbrl.org/2008/inlineXBRL/xhtml/xhtml-basic10-model-1.xsd" rewritePrefix="../www.xbrl.org/2008/inlineXBRL/xhtml/xhtml-basic10-model-1.xsd" />
  <rewriteURI uriStartString="http://www.xbrl.org/2008/inlineXBRL/xhtml/xhtml-basic10-module-redefines-1.xsd" rewritePrefix="../www.xbrl.org/2008/inlineXBRL/xhtml/xhtml-basic10-module-redefines-1.xsd" />
  <rewriteURI uriStartString="http://www.xbrl.org/2008/inlineXBRL/xhtml/xhtml-basic10-modules-1.xsd" rewritePrefix="../www.xbrl.org/2008/inlineXBRL/xhtml/xhtml-basic10-modules-1.xsd" />
  <rewriteURI uriStartString="http://www.xbrl.org/2008/inlineXBRL/xhtml/xhtml-basic10.xsd" rewritePrefix="../www.xbrl.org/2008/inlineXBRL/xhtml/xhtml-basic10.xsd" />
  <rewriteURI uriStartString="http://www.xbrl.org/2008/inlineXBRL/xhtml/xhtml-bdo-1.xsd" rewritePrefix="../www.xbrl.org/2008/inlineXBRL/xhtml/xhtml-bdo-1.xsd" />
  <rewriteURI uriStartString="http://www.xbrl.org/2008/inlineXBRL/xhtml/xhtml-blkphras-1.xsd" rewritePrefix="../www.xbrl.org/2008/inlineXBRL/xhtml/xhtml-blkphras-1.xsd" />
  <rewriteURI uriStartString="http://www.xbrl.org/2008/inlineXBRL/xhtml/xhtml-blkpres-1.xsd" rewritePrefix="../www.xbrl.org/2008/inlineXBRL/xhtml/xhtml-blkpres-1.xsd" />
  <rewriteURI uriStartString="http://www.xbrl.org/2008/inlineXBRL/xhtml/xhtml-blkstruct-1.xsd" rewritePrefix="../www.xbrl.org/2008/inlineXBRL/xhtml/xhtml-blkstruct-1.xsd" />
  <rewriteURI uriStartString="http://www.xbrl.org/2008/inlineXBRL/xhtml/xhtml-charent-1.xsd" rewritePrefix="../www.xbrl.org/2008/inlineXBRL/xhtml/xhtml-charent-1.xsd" />
  <rewriteURI uriStartString="http://www.xbrl.org/2008/inlineXBRL/xhtml/xhtml-copyright-1.xsd" rewritePrefix="../www.xbrl.org/2008/inlineXBRL/xhtml/xhtml-copyright-1.xsd" />
  <rewriteURI uriStartString="http://www.xbrl.org/2008/inlineXBRL/xhtml/xhtml-csismap-1.xsd" rewritePrefix="../www.xbrl.org/2008/inlineXBRL/xhtml/xhtml-csismap-1.xsd" />
  <rewriteURI uriStartString="http://www.xbrl.org/2008/inlineXBRL/xhtml/xhtml-datatypes-1.xsd" rewritePrefix="../www.xbrl.org/2008/inlineXBRL/xhtml/xhtml-datatypes-1.xsd" />
  <rewriteURI uriStartString="http://www.xbrl.org/2008/inlineXBRL/xhtml/xhtml-edit-1.xsd" rewritePrefix="../www.xbrl.org/2008/inlineXBRL/xhtml/xhtml-edit-1.xsd" />
  <rewriteURI uriStartString="http://www.xbrl.org/2008/inlineXBRL/xhtml/xhtml-events-1.xsd" rewritePrefix="../www.xbrl.org/2008/inlineXBRL/xhtml/xhtml-events-1.xsd" />
  <rewriteURI uriStartString="http://www.xbrl.org/2008/inlineXBRL/xhtml/xhtml-form-1.xsd" rewritePrefix="../www.xbrl.org/2008/inlineXBRL/xhtml/xhtml-form-1.xsd" />
  <rewriteURI uriStartString="http://www.xbrl.org/2008/inlineXBRL/xhtml/xhtml-frames-1.xsd" rewritePrefix="../www.xbrl.org/2008/inlineXBRL/xhtml/xhtml-frames-1.xsd" />
  <rewriteURI uriStartString="http://www.xbrl.org/2008/inlineXBRL/xhtml/xhtml-framework-1.xsd" rewritePrefix="../www.xbrl.org/2008/inlineXBRL/xhtml/xhtml-framework-1.xsd" />
  <rewriteURI uriStartString="http://www.xbrl.org/2008/inlineXBRL/xhtml/xhtml-hypertext-1.xsd" rewritePrefix="../www.xbrl.org/2008/inlineXBRL/xhtml/xhtml-hypertext-1.xsd" />
  <rewriteURI uriStartString="http://www.xbrl.org/2008/inlineXBRL/xhtml/xhtml-iframe-1.xsd" rewritePrefix="../www.xbrl.org/2008/inlineXBRL/xhtml/xhtml-iframe-1.xsd" />
  <rewriteURI uriStartString="http://www.xbrl.org/2008/inlineXBRL/xhtml/xhtml-image-1.xsd" rewritePrefix="../www.xbrl.org/2008/inlineXBRL/xhtml/xhtml-image-1.xsd" />
  <rewriteURI uriStartString="http://www.xbrl.org/2008/inlineXBRL/xhtml/xhtml-inlphras-1.xsd" rewritePrefix="../www.xbrl.org/2008/inlineXBRL/xhtml/xhtml-inlphras-1.xsd" />
  <rewriteURI uriStartString="http://www.xbrl.org/2008/inlineXBRL/xhtml/xhtml-inlpres-1.xsd" rewritePrefix="../www.xbrl.org/2008/inlineXBRL/xhtml/xhtml-inlpres-1.xsd" />
  <rewriteURI uriStartString="http://www.xbrl.org/2008/inlineXBRL/xhtml/xhtml-inlstruct-1.xsd" rewritePrefix="../www.xbrl.org/2008/inlineXBRL/xhtml/xhtml-inlstruct-1.xsd" />
  <rewriteURI uriStartString="http://www.xbrl.org/2008/inlineXBRL/xhtml/xhtml-inlstyle-1.xsd" rewritePrefix="../www.xbrl.org/2008/inlineXBRL/xhtml/xhtml-inlstyle-1.xsd" />
  <rewriteURI uriStartString="http://www.xbrl.org/2008/inlineXBRL/xhtml/xhtml-legacy-1.xsd" rewritePrefix="../www.xbrl.org/2008/inlineXBRL/xhtml/xhtml-legacy-1.xsd" />
  <rewriteURI uriStartString="http://www.xbrl.org/2008/inlineXBRL/xhtml/xhtml-link-1.xsd" rewritePrefix="../www.xbrl.org/2008/inlineXBRL/xhtml/xhtml-link-1.xsd" />
  <rewriteURI uriStartString="http://www.xbrl.org/2008/inlineXBRL/xhtml/xhtml-list-1.xsd" rewritePrefix="../www.xbrl.org/2008/inlineXBRL/xhtml/xhtml-list-1.xsd" />
  <rewriteURI uriStartString="http://www.xbrl.org/2008/inlineXBRL/xhtml/xhtml-meta-1.xsd" rewritePrefix="../www.xbrl.org/2008/inlineXBRL/xhtml/xhtml-meta-1.xsd" />
  <rewriteURI uriStartString="http://www.xbrl.org/2008/inlineXBRL/xhtml/xhtml-misc-1.xsd" rewritePrefix="../www.xbrl.org/2008/inlineXBRL/xhtml/xhtml-misc-1.xsd" />
  <rewriteURI uriStartString="http://www.xbrl.org/2008/inlineXBRL/xhtml/xhtml-nameident-1.xsd" rewritePrefix="../www.xbrl.org/2008/inlineXBRL/xhtml/xhtml-nameident-1.xsd" />
  <rewriteURI uriStartString="http://www.xbrl.org/2008/inlineXBRL/xhtml/xhtml-notations-1.xsd" rewritePrefix="../www.xbrl.org/2008/inlineXBRL/xhtml/xhtml-notations-1.xsd" />
  <rewriteURI uriStartString="http://www.xbrl.org/2008/inlineXBRL/xhtml/xhtml-object-1.xsd" rewritePrefix="../www.xbrl.org/2008/inlineXBRL/xhtml/xhtml-object-1.xsd" />
  <rewriteURI uriStartString="http://www.xbrl.org/2008/inlineXBRL/xhtml/xhtml-param-1.xsd" rewritePrefix="../www.xbrl.org/2008/inlineXBRL/xhtml/xhtml-param-1.xsd" />
  <rewriteURI uriStartString="http://www.xbrl.org/2008/inlineXBRL/xhtml/xhtml-pres-1.xsd" rewritePrefix="../www.xbrl.org/2008/inlineXBRL/xhtml/xhtml-pres-1.xsd" />
  <rewriteURI uriStartString="http://www.xbrl.org/2008/inlineXBRL/xhtml/xhtml-ruby-1.xsd" rewritePrefix="../www.xbrl.org/2008/inlineXBRL/xhtml/xhtml-ruby-1.xsd" />
  <rewriteURI uriStartString="http://www.xbrl.org/2008/inlineXBRL/xhtml/xhtml-ruby-basic-1.xsd" rewritePrefix="../www.xbrl.org/2008/inlineXBRL/xhtml/xhtml-ruby-basic-1.xsd" />
  <rewriteURI uriStartString="http://www.xbrl.org/2008/inlineXBRL/xhtml/xhtml-script-1.xsd" rewritePrefix="../www.xbrl.org/2008/inlineXBRL/xhtml/xhtml-script-1.xsd" />
  <rewriteURI uriStartString="http://www.xbrl.org/2008/inlineXBRL/xhtml/xhtml-ssismap-1.xsd" rewritePrefix="../www.xbrl.org/2008/inlineXBRL/xhtml/xhtml-ssismap-1.xsd" />
  <rewriteURI uriStartString="http://www.xbrl.org/2008/inlineXBRL/xhtml/xhtml-struct-1.xsd" rewritePrefix="../www.xbrl.org/2008/inlineXBRL/xhtml/xhtml-struct-1.xsd" />
  <rewriteURI uriStartString="http://www.xbrl.org/2008/inlineXBRL/xhtml/xhtml-style-1.xsd" rewritePrefix="../www.xbrl.org/2008/inlineXBRL/xhtml/xhtml-style-1.xsd" />
  <rewriteURI uriStartString="http://www.xbrl.org/2008/inlineXBRL/xhtml/xhtml-table-1.xsd" rewritePrefix="../www.xbrl.org/2008/inlineXBRL/xhtml/xhtml-table-1.xsd" />
  <rewriteURI uriStartString="http://www.xbrl.org/2008/inlineXBRL/xhtml/xhtml-target-1.xsd" rewritePrefix="../www.xbrl.org/2008/inlineXBRL/xhtml/xhtml-target-1.xsd" />
  <rewriteURI uriStartString="http://www.xbrl.org/2008/inlineXBRL/xhtml/xhtml-text-1.xsd" rewritePrefix="../www.xbrl.org/2008/inlineXBRL/xhtml/xhtml-text-1.xsd" />
  <rewriteURI uriStartString="http://www.xbrl.org/2008/inlineXBRL/xhtml/xhtml11-model-1.xsd" rewritePrefix="../www.xbrl.org/2008/inlineXBRL/xhtml/xhtml11-model-1.xsd" />
  <rewriteURI uriStartString="http://www.xbrl.org/2008/inlineXBRL/xhtml/xhtml11-module-redefines-1.xsd" rewritePrefix="../www.xbrl.org/2008/inlineXBRL/xhtml/xhtml11-module-redefines-1.xsd" />
  <rewriteURI uriStartString="http://www.xbrl.org/2008/inlineXBRL/xhtml/xhtml11-modules-1.xsd" rewritePrefix="../www.xbrl.org/2008/inlineXBRL/xhtml/xhtml11-modules-1.xsd" />
  <rewriteURI uriStartString="http://www.xbrl.org/2008/inlineXBRL/xhtml/xhtml11.xsd" rewritePrefix="../www.xbrl.org/2008/inlineXBRL/xhtml/xhtml11.xsd" />
  <rewriteURI uriStartString="http://www.xbrl.org/2008/inlineXBRL/xhtml/xhtml2.xsd" rewritePrefix="../www.xbrl.org/2008/inlineXBRL/xhtml/xhtml2.xsd" />
  <rewriteURI uriStartString="http://www.xbrl.org/2008/inlineXBRL/xhtml/xml-events-1.xsd" rewritePrefix="../www.xbrl.org/2008/inlineXBRL/xhtml/xml-events-1.xsd" />
  <rewriteURI uriStartString="http://www.xbrl.org/2008/inlineXBRL/xhtml/xml-events-2.xsd" rewritePrefix="../www.xbrl.org/2008/inlineXBRL/xhtml/xml-events-2.xsd" />
  <rewriteURI uriStartString="http://www.xbrl.org/2008/inlineXBRL/xhtml/xml-events-attribs-1.xsd" rewritePrefix="../www.xbrl.org/2008/inlineXBRL/xhtml/xml-events-attribs-1.xsd" />
  <rewriteURI uriStartString="http://www.xbrl.org/2008/inlineXBRL/xhtml/xml-events-attribs-2.xsd" rewritePrefix="../www.xbrl.org/2008/inlineXBRL/xhtml/xml-events-attribs-2.xsd" />
  <rewriteURI uriStartString="http://www.xbrl.org/2008/inlineXBRL/xhtml/xml-events-copyright-1.xsd" rewritePrefix="../www.xbrl.org/2008/inlineXBRL/xhtml/xml-events-copyright-1.xsd" />
  <rewriteURI uriStartString="http://www.xbrl.org/2008/inlineXBRL/xhtml/xml-events-copyright-2.xsd" rewritePrefix="../www.xbrl.org/2008/inlineXBRL/xhtml/xml-events-copyright-2.xsd" />
  <rewriteURI uriStartString="http://www.xbrl.org/2008/inlineXBRL/xhtml/xml-handlers-2.xsd" rewritePrefix="../www.xbrl.org/2008/inlineXBRL/xhtml/xml-handlers-2.xsd" />
  <rewriteURI uriStartString="http://www.xbrl.org/2008/match-filter.xsd" rewritePrefix="../www.xbrl.org/2008/match-filter.xsd" />
  <rewriteURI uriStartString="http://www.xbrl.org/2008/period-filter.xsd" rewritePrefix="../www.xbrl.org/2008/period-filter.xsd" />
  <rewriteURI uriStartString="http://www.xbrl.org/2008/registry.xsd" rewritePrefix="../www.xbrl.org/2008/registry.xsd" />
  <rewriteURI uriStartString="http://www.xbrl.org/2008/relative-filter.xsd" rewritePrefix="../www.xbrl.org/2008/relative-filter.xsd" />
  <rewriteURI uriStartString="http://www.xbrl.org/2008/segment-scenario-filter.xsd" rewritePrefix="../www.xbrl.org/2008/segment-scenario-filter.xsd" />
  <rewriteURI uriStartString="http://www.xbrl.org/2008/tuple-filter.xsd" rewritePrefix="../www.xbrl.org/2008/tuple-filter.xsd" />
  <rewriteURI uriStartString="http://www.xbrl.org/2008/unit-filter.xsd" rewritePrefix="../www.xbrl.org/2008/unit-filter.xsd" />
  <rewriteURI uriStartString="http://www.xbrl.org/2008/validation.xsd" rewritePrefix="../www.xbrl.org/2008/validation.xsd" />
  <rewriteURI uriStartString="http://www.xbrl.org/2008/value-assertion.xsd" rewritePrefix="../www.xbrl.org/2008/value-assertion.xsd" />
  <rewriteURI uriStartString="http://www.xbrl.org/2008/value-filter.xsd" rewritePrefix="../www.xbrl.org/2008/value-filter.xsd" />
  <rewriteURI uriStartString="http://www.xbrl.org/2008/variable.xsd" rewritePrefix="../www.xbrl.org/2008/variable.xsd" />
  <rewriteURI uriStartString="http://www.xbrl.org/2010/aspect-cover-filter.xsd" rewritePrefix="../www.xbrl.org/2010/aspect-cover-filter.xsd" />
  <rewriteURI uriStartString="http://www.xbrl.org/2010/concept-relation-filter.xsd" rewritePrefix="../www.xbrl.org/2010/concept-relation-filter.xsd" />
  <rewriteURI uriStartString="http://www.xbrl.org/2010/custom-function-implementation.xsd" rewritePrefix="../www.xbrl.org/2010/custom-function-implementation.xsd" />
  <rewriteURI uriStartString="http://www.xbrl.org/2010/generic-message.xsd" rewritePrefix="../www.xbrl.org/2010/generic-message.xsd" />
  <rewriteURI uriStartString="http://www.xbrl.org/2010/validation-message.xsd" rewritePrefix="../www.xbrl.org/2010/validation-message.xsd" />
  <rewriteURI uriStartString="http://www.xbrl.org/2013/inlineXBRL/xbrl/xbrl-instance-2003-12-31-ixmod.xsd" rewritePrefix="../www.xbrl.org/2013/inlineXBRL/xbrl/xbrl-instance-2003-12-31-ixmod.xsd" />
  <rewriteURI uriStartString="http://www.xbrl.org/2013/inlineXBRL/xbrl/xbrl-linkbase-2003-12-31-ixmod.xsd" rewritePrefix="../www.xbrl.org/2013/inlineXBRL/xbrl/xbrl-linkbase-2003-12-31-ixmod.xsd" />
  <rewriteURI uriStartString="http://www.xbrl.org/2013/inlineXBRL/xbrl/xl-2003-12-31.xsd" rewritePrefix="../www.xbrl.org/2013/inlineXBRL/xbrl/xl-2003-12-31.xsd" />
  <rewriteURI uriStartString="http://www.xbrl.org/2013/inlineXBRL/xbrl/xlink-2003-12-31.xsd" rewritePrefix="../www.xbrl.org/2013/inlineXBRL/xbrl/xlink-2003-12-31.xsd" />
  <rewriteURI uriStartString="http://www.xbrl.org/2013/inlineXBRL/xhtml-inlinexbrl-1_1-definitions.xsd" rewritePrefix="../www.xbrl.org/2013/inlineXBRL/xhtml-inlinexbrl-1_1-definitions.xsd" />
  <rewriteURI uriStartString="http://www.xbrl.org/2013/inlineXBRL/xhtml-inlinexbrl-1_1-model.xsd" rewritePrefix="../www.xbrl.org/2013/inlineXBRL/xhtml-inlinexbrl-1_1-model.xsd" />
  <rewriteURI uriStartString="http://www.xbrl.org/2013/inlineXBRL/xhtml-inlinexbrl-1_1-modules.xsd" rewritePrefix="../www.xbrl.org/2013/inlineXBRL/xhtml-inlinexbrl-1_1-modules.xsd" />
  <rewriteURI uriStartString="http://www.xbrl.org/2013/inlineXBRL/xhtml-inlinexbrl-1_1.xsd" rewritePrefix="../www.xbrl.org/2013/inlineXBRL/xhtml-inlinexbrl-1_1.xsd" />
  <rewriteURI uriStartString="http://www.xbrl.org/2013/inlineXBRL/xhtml/xframes-1.xsd" rewritePrefix="../www.xbrl.org/2013/inlineXBRL/xhtml/xframes-1.xsd" />
  <rewriteURI uriStartString="http://www.xbrl.org/2013/inlineXBRL/xhtml/xhtml-applet-1.xsd" rewritePrefix="../www.xbrl.org/2013/inlineXBRL/xhtml/xhtml-applet-1.xsd" />
  <rewriteURI uriStartString="http://www.xbrl.org/2013/inlineXBRL/xhtml/xhtml-attribs-1.xsd" rewritePrefix="../www.xbrl.org/2013/inlineXBRL/xhtml/xhtml-attribs-1.xsd" />
  <rewriteURI uriStartString="http://www.xbrl.org/2013/inlineXBRL/xhtml/xhtml-base-1.xsd" rewritePrefix="../www.xbrl.org/2013/inlineXBRL/xhtml/xhtml-base-1.xsd" />
  <rewriteURI uriStartString="http://www.xbrl.org/2013/inlineXBRL/xhtml/xhtml-basic-form-1.xsd" rewritePrefix="../www.xbrl.org/2013/inlineXBRL/xhtml/xhtml-basic-form-1.xsd" />
  <rewriteURI uriStartString="http://www.xbrl.org/2013/inlineXBRL/xhtml/xhtml-basic-table-1.xsd" rewritePrefix="../www.xbrl.org/2013/inlineXBRL/xhtml/xhtml-basic-table-1.xsd" />
  <rewriteURI uriStartString="http://www.xbrl.org/2013/inlineXBRL/xhtml/xhtml-basic10-model-1.xsd" rewritePrefix="../www.xbrl.org/2013/inlineXBRL/xhtml/xhtml-basic10-model-1.xsd" />
  <rewriteURI uriStartString="http://www.xbrl.org/2013/inlineXBRL/xhtml/xhtml-basic10-module-redefines-1.xsd" rewritePrefix="../www.xbrl.org/2013/inlineXBRL/xhtml/xhtml-basic10-module-redefines-1.xsd" />
  <rewriteURI uriStartString="http://www.xbrl.org/2013/inlineXBRL/xhtml/xhtml-basic10-modules-1.xsd" rewritePrefix="../www.xbrl.org/2013/inlineXBRL/xhtml/xhtml-basic10-modules-1.xsd" />
  <rewriteURI uriStartString="http://www.xbrl.org/2013/inlineXBRL/xhtml/xhtml-basic10.xsd" rewritePrefix="../www.xbrl.org/2013/inlineXBRL/xhtml/xhtml-basic10.xsd" />
  <rewriteURI uriStartString="http://www.xbrl.org/2013/inlineXBRL/xhtml/xhtml-bdo-1.xsd" rewritePrefix="../www.xbrl.org/2013/inlineXBRL/xhtml/xhtml-bdo-1.xsd" />
  <rewriteURI uriStartString="http://www.xbrl.org/2013/inlineXBRL/xhtml/xhtml-blkphras-1.xsd" rewritePrefix="../www.xbrl.org/2013/inlineXBRL/xhtml/xhtml-blkphras-1.xsd" />
  <rewriteURI uriStartString="http://www.xbrl.org/2013/inlineXBRL/xhtml/xhtml-blkpres-1.xsd" rewritePrefix="../www.xbrl.org/2013/inlineXBRL/xhtml/xhtml-blkpres-1.xsd" />
  <rewriteURI uriStartString="http://www.xbrl.org/2013/inlineXBRL/xhtml/xhtml-blkstruct-1.xsd" rewritePrefix="../www.xbrl.org/2013/inlineXBRL/xhtml/xhtml-blkstruct-1.xsd" />
  <rewriteURI uriStartString="http://www.xbrl.org/2013/inlineXBRL/xhtml/xhtml-charent-1.xsd" rewritePrefix="../www.xbrl.org/2013/inlineXBRL/xhtml/xhtml-charent-1.xsd" />
  <rewriteURI uriStartString="http://www.xbrl.org/2013/inlineXBRL/xhtml/xhtml-copyright-1.xsd" rewritePrefix="../www.xbrl.org/2013/inlineXBRL/xhtml/xhtml-copyright-1.xsd" />
  <rewriteURI uriStartString="http://www.xbrl.org/2013/inlineXBRL/xhtml/xhtml-csismap-1.xsd" rewritePrefix="../www.xbrl.org/2013/inlineXBRL/xhtml/xhtml-csismap-1.xsd" />
  <rewriteURI uriStartString="http://www.xbrl.org/2013/inlineXBRL/xhtml/xhtml-datatypes-1.xsd" rewritePrefix="../www.xbrl.org/2013/inlineXBRL/xhtml/xhtml-datatypes-1.xsd" />
  <rewriteURI uriStartString="http://www.xbrl.org/2013/inlineXBRL/xhtml/xhtml-edit-1.xsd" rewritePrefix="../www.xbrl.org/2013/inlineXBRL/xhtml/xhtml-edit-1.xsd" />
  <rewriteURI uriStartString="http://www.xbrl.org/2013/inlineXBRL/xhtml/xhtml-events-1.xsd" rewritePrefix="../www.xbrl.org/2013/inlineXBRL/xhtml/xhtml-events-1.xsd" />
  <rewriteURI uriStartString="http://www.xbrl.org/2013/inlineXBRL/xhtml/xhtml-form-1.xsd" rewritePrefix="../www.xbrl.org/2013/inlineXBRL/xhtml/xhtml-form-1.xsd" />
  <rewriteURI uriStartString="http://www.xbrl.org/2013/inlineXBRL/xhtml/xhtml-frames-1.xsd" rewritePrefix="../www.xbrl.org/2013/inlineXBRL/xhtml/xhtml-frames-1.xsd" />
  <rewriteURI uriStartString="http://www.xbrl.org/2013/inlineXBRL/xhtml/xhtml-framework-1.xsd" rewritePrefix="../www.xbrl.org/2013/inlineXBRL/xhtml/xhtml-framework-1.xsd" />
  <rewriteURI uriStartString="http://www.xbrl.org/2013/inlineXBRL/xhtml/xhtml-hypertext-1.xsd" rewritePrefix="../www.xbrl.org/2013/inlineXBRL/xhtml/xhtml-hypertext-1.xsd" />
  <rewriteURI uriStartString="http://www.xbrl.org/2013/inlineXBRL/xhtml/xhtml-iframe-1.xsd" rewritePrefix="../www.xbrl.org/2013/inlineXBRL/xhtml/xhtml-iframe-1.xsd" />
  <rewriteURI uriStartString="http://www.xbrl.org/2013/inlineXBRL/xhtml/xhtml-image-1.xsd" rewritePrefix="../www.xbrl.org/2013/inlineXBRL/xhtml/xhtml-image-1.xsd" />
  <rewriteURI uriStartString="http://www.xbrl.org/2013/inlineXBRL/xhtml/xhtml-inlphras-1.xsd" rewritePrefix="../www.xbrl.org/2013/inlineXBRL/xhtml/xhtml-inlphras-1.xsd" />
  <rewriteURI uriStartString="http://www.xbrl.org/2013/inlineXBRL/xhtml/xhtml-inlpres-1.xsd" rewritePrefix="../www.xbrl.org/2013/inlineXBRL/xhtml/xhtml-inlpres-1.xsd" />
  <rewriteURI uriStartString="http://www.xbrl.org/2013/inlineXBRL/xhtml/xhtml-inlstruct-1.xsd" rewritePrefix="../www.xbrl.org/2013/inlineXBRL/xhtml/xhtml-inlstruct-1.xsd" />
  <rewriteURI uriStartString="http://www.xbrl.org/2013/inlineXBRL/xhtml/xhtml-inlstyle-1.xsd" rewritePrefix="../www.xbrl.org/2013/inlineXBRL/xhtml/xhtml-inlstyle-1.xsd" />
  <rewriteURI uriStartString="http://www.xbrl.org/2013/inlineXBRL/xhtml/xhtml-legacy-1.xsd" rewritePrefix="../www.xbrl.org/2013/inlineXBRL/xhtml/xhtml-legacy-1.xsd" />
  <rewriteURI uriStartString="http://www.xbrl.org/2013/inlineXBRL/xhtml/xhtml-link-1.xsd" rewritePrefix="../www.xbrl.org/2013/inlineXBRL/xhtml/xhtml-link-1.xsd" />
  <rewriteURI uriStartString="http://www.xbrl.org/2013/inlineXBRL/xhtml/xhtml-list-1.xsd" rewritePrefix="../www.xbrl.org/2013/inlineXBRL/xhtml/xhtml-list-1.xsd" />
  <rewriteURI uriStartString="http://www.xbrl.org/2013/inlineXBRL/xhtml/xhtml-meta-1.xsd" rewritePrefix="../www.xbrl.org/2013/inlineXBRL/xhtml/xhtml-meta-1.xsd" />
  <rewriteURI uriStartString="http://www.xbrl.org/2013/inlineXBRL/xhtml/xhtml-misc-1.xsd" rewritePrefix="../www.xbrl.org/2013/inlineXBRL/xhtml/xhtml-misc-1.xsd" />
  <rewriteURI uriStartString="http://www.xbrl.org/2013/inlineXBRL/xhtml/xhtml-nameident-1.xsd" rewritePrefix="../www.xbrl.org/2013/inlineXBRL/xhtml/xhtml-nameident-1.xsd" />
  <rewriteURI uriStartString="http://www.xbrl.org/2013/inlineXBRL/xhtml/xhtml-notations-1.xsd" rewritePrefix="../www.xbrl.org/2013/inlineXBRL/xhtml/xhtml-notations-1.xsd" />
  <rewriteURI uriStartString="http://www.xbrl.org/2013/inlineXBRL/xhtml/xhtml-object-1.xsd" rewritePrefix="../www.xbrl.org/2013/inlineXBRL/xhtml/xhtml-object-1.xsd" />
  <rewriteURI uriStartString="http://www.xbrl.org/2013/inlineXBRL/xhtml/xhtml-param-1.xsd" rewritePrefix="../www.xbrl.org/2013/inlineXBRL/xhtml/xhtml-param-1.xsd" />
  <rewriteURI uriStartString="http://www.xbrl.org/2013/inlineXBRL/xhtml/xhtml-pres-1.xsd" rewritePrefix="../www.xbrl.org/2013/inlineXBRL/xhtml/xhtml-pres-1.xsd" />
  <rewriteURI uriStartString="http://www.xbrl.org/2013/inlineXBRL/xhtml/xhtml-ruby-1.xsd" rewritePrefix="../www.xbrl.org/2013/inlineXBRL/xhtml/xhtml-ruby-1.xsd" />
  <rewriteURI uriStartString="http://www.xbrl.org/2013/inlineXBRL/xhtml/xhtml-ruby-basic-1.xsd" rewritePrefix="../www.xbrl.org/2013/inlineXBRL/xhtml/xhtml-ruby-basic-1.xsd" />
  <rewriteURI uriStartString="http://www.xbrl.org/2013/inlineXBRL/xhtml/xhtml-script-1.xsd" rewritePrefix="../www.xbrl.org/2013/inlineXBRL/xhtml/xhtml-script-1.xsd" />
  <rewriteURI uriStartString="http://www.xbrl.org/2013/inlineXBRL/xhtml/xhtml-ssismap-1.xsd" rewritePrefix="../www.xbrl.org/2013/inlineXBRL/xhtml/xhtml-ssismap-1.xsd" />
  <rewriteURI uriStartString="http://www.xbrl.org/2013/inlineXBRL/xhtml/xhtml-struct-1.xsd" rewritePrefix="../www.xbrl.org/2013/inlineXBRL/xhtml/xhtml-struct-1.xsd" />
  <rewriteURI uriStartString="http://www.xbrl.org/2013/inlineXBRL/xhtml/xhtml-style-1.xsd" rewritePrefix="../www.xbrl.org/2013/inlineXBRL/xhtml/xhtml-style-1.xsd" />
  <rewriteURI uriStartString="http://www.xbrl.org/2013/inlineXBRL/xhtml/xhtml-table-1.xsd" rewritePrefix="../www.xbrl.org/2013/inlineXBRL/xhtml/xhtml-table-1.xsd" />
  <rewriteURI uriStartString="http://www.xbrl.org/2013/inlineXBRL/xhtml/xhtml-target-1.xsd" rewritePrefix="../www.xbrl.org/2013/inlineXBRL/xhtml/xhtml-target-1.xsd" />
  <rewriteURI uriStartString="http://www.xbrl.org/2013/inlineXBRL/xhtml/xhtml-text-1.xsd" rewritePrefix="../www.xbrl.org/2013/inlineXBRL/xhtml/xhtml-text-1.xsd" />
  <rewriteURI uriStartString="http://www.xbrl.org/2013/inlineXBRL/xhtml/xhtml11-model-1.xsd" rewritePrefix="../www.xbrl.org/2013/inlineXBRL/xhtml/xhtml11-model-1.xsd" />
  <rewriteURI uriStartString="http://www.xbrl.org/2013/inlineXBRL/xhtml/xhtml11-module-redefines-1.xsd" rewritePrefix="../www.xbrl.org/2013/inlineXBRL/xhtml/xhtml11-module-redefines-1.xsd" />
  <rewriteURI uriStartString="http://www.xbrl.org/2013/inlineXBRL/xhtml/xhtml11-modules-1.xsd" rewritePrefix="../www.xbrl.org/2013/inlineXBRL/xhtml/xhtml11-modules-1.xsd" />
  <rewriteURI uriStartString="http://www.xbrl.org/2013/inlineXBRL/xhtml/xhtml11.xsd" rewritePrefix="../www.xbrl.org/2013/inlineXBRL/xhtml/xhtml11.xsd" />
  <rewriteURI uriStartString="http://www.xbrl.org/2013/inlineXBRL/xhtml/xhtml2.xsd" rewritePrefix="../www.xbrl.org/2013/inlineXBRL/xhtml/xhtml2.xsd" />
  <rewriteURI uriStartString="http://www.xbrl.org/2013/inlineXBRL/xhtml/xml-events-1.xsd" rewritePrefix="../www.xbrl.org/2013/inlineXBRL/xhtml/xml-events-1.xsd" />
  <rewriteURI uriStartString="http://www.xbrl.org/2013/inlineXBRL/xhtml/xml-events-2.xsd" rewritePrefix="../www.xbrl.org/2013/inlineXBRL/xhtml/xml-events-2.xsd" />
  <rewriteURI uriStartString="http://www.xbrl.org/2013/inlineXBRL/xhtml/xml-events-attribs-1.xsd" rewritePrefix="../www.xbrl.org/2013/inlineXBRL/xhtml/xml-events-attribs-1.xsd" />
  <rewriteURI uriStartString="http://www.xbrl.org/2013/inlineXBRL/xhtml/xml-events-attribs-2.xsd" rewritePrefix="../www.xbrl.org/2013/inlineXBRL/xhtml/xml-events-attribs-2.xsd" />
  <rewriteURI uriStartString="http://www.xbrl.org/2013/inlineXBRL/xhtml/xml-events-copyright-1.xsd" rewritePrefix="../www.xbrl.org/2013/inlineXBRL/xhtml/xml-events-copyright-1.xsd" />
  <rewriteURI uriStartString="http://www.xbrl.org/2013/inlineXBRL/xhtml/xml-events-copyright-2.xsd" rewritePrefix="../www.xbrl.org/2013/inlineXBRL/xhtml/xml-events-copyright-2.xsd" />
  <rewriteURI uriStartString="http://www.xbrl.org/2013/inlineXBRL/xhtml/xml-handlers-2.xsd" rewritePrefix="../www.xbrl.org/2013/inlineXBRL/xhtml/xml-handlers-2.xsd" />
  <rewriteURI uriStartString="http://www.xbrl.org/2013/match-filter.xsd" rewritePrefix="../www.xbrl.org/2013/match-filter.xsd" />
  <rewriteURI uriStartString="http://www.xbrl.org/2013/preferred-label.xsd" rewritePrefix="../www.xbrl.org/2013/preferred-label.xsd" />
  <rewriteURI uriStartString="http://www.xbrl.org/2013/versioning-base.xsd" rewritePrefix="../www.xbrl.org/2013/versioning-base.xsd" />
  <rewriteURI uriStartString="http://www.xbrl.org/2013/versioning-concept-details.xsd" rewritePrefix="../www.xbrl.org/2013/versioning-concept-details.xsd" />
  <rewriteURI uriStartString="http://www.xbrl.org/2013/versioning-concept-use.xsd" rewritePrefix="../www.xbrl.org/2013/versioning-concept-use.xsd" />
  <rewriteURI uriStartString="http://www.xbrl.org/2013/versioning-dimensions.xsd" rewritePrefix="../www.xbrl.org/2013/versioning-dimensions.xsd" />
  <rewriteURI uriStartString="http://www.xbrl.org/2014/extensible-enumerations.xsd" rewritePrefix="../www.xbrl.org/2014/extensible-enumerations.xsd" />
  <rewriteURI uriStartString="http://www.xbrl.org/2014/table.xsd" rewritePrefix="../www.xbrl.org/2014/table.xsd" />
  <rewriteURI uriStartString="http://www.xbrl.org/2014/tablemodel.xsd" rewritePrefix="../www.xbrl.org/2014/tablemodel.xsd" />
  <rewriteURI uriStartString="http://www.xbrl.org/2016/assertion-severity.xsd" rewritePrefix="../www.xbrl.org/2016/assertion-severity.xsd" />
  <rewriteURI uriStartString="http://www.xbrl.org/2016/severities.xml" rewritePrefix="../www.xbrl.org/2016/severities.xml" />
  <rewriteURI uriStartString="http://www.xbrl.org/2016/taxonomy-package-catalog.xsd" rewritePrefix="../www.xbrl.org/2016/taxonomy-package-catalog.xsd" />
  <rewriteURI uriStartString="http://www.xbrl.org/2016/taxonomy-package.xsd" rewritePrefix="../www.xbrl.org/2016/taxonomy-package.xsd" />
  <rewriteURI uriStartString="http://www.xbrl.org/dtr/dtr.xsd" rewritePrefix="../www.xbrl.org/dtr/dtr.xsd" />
  <rewriteURI uriStartString="http://www.xbrl.org/lrr/lrr.xsd" rewritePrefix="../www.xbrl.org/lrr/lrr.xsd" />
  <rewriteURI uriStartString="http://www.xbrl.org/utr/utr.xsd" rewritePrefix="../www.xbrl.org/utr/utr.xsd" />
</catalog>
