<?xml version="1.0" encoding="UTF-8"?>
<tp:taxonomyPackage xml:lang="en" xmlns:tp="http://xbrl.org/2016/taxonomy-package"
    xmlns:xsi="http://www.w3.org/2001/XMLSchema-instance" xsi:schemaLocation="http://xbrl.org/2016/taxonomy-package http://www.xbrl.org/2016/taxonomy-package.xsd">
  <tp:identifier>http://www.xbrl.org/specification-files/20170118</tp:identifier> 
	<tp:name>XBRL International specification files</tp:name>
    <tp:description>This package provides copies of XML files hosted on http://www.xbrl.org/ that are defined by XBRL International specifications.  This package includes only files that support specifications that have reached recommendation status.</tp:description>
  <tp:version>20170118</tp:version>
  <tp:publisher>XBRL International Inc.</tp:publisher>
  <tp:publisherURL>https://www.xbrl.org/</tp:publisherURL>
  <tp:publisherCountry>US</tp:publisherCountry>
  <tp:publicationDate>2017-01-18</tp:publicationDate>
</tp:taxonomyPackage>

